Pregnancies,Glucose,BloodPressure,SkinThickness,Insulin,BMI,DiabetesPedigreeFunction,Age,Outcome
4,122,49,15,58,33.4,0.572,35,0
5,95,70,0,0,32.2,0.238,21,0
6,149,76,0,0,21.9,0.233,22,0
7,109,36,0,19,40.8,0.194,31,1
1,113,79,26,0,28.0,0.162,61,0
5,140,53,0,0,26.9,0.682,26,1
2,115,94,19,64,42.1,0.185,26,0
5,113,62,0,0,41.1,0.523,21,0
5,0,47,3,111,40.9,0.276,46,1
2,146,71,47,0,29.1,0.798,21,0
6,174,51,21,31,31.6,1.314,32,1
3,140,94,24,243,31.5,0.078,21,0
5,147,0,0,137,38.2,0.207,43,0
4,115,66,0,55,44.3,0.272,40,0
1,98,81,28,127,34.9,0.351,24,0
6,142,50,24,50,47.6,0.334,21,0
1,126,44,0,89,39.1,0.128,50,0
3,75,77,24,0,30.1,1.332,36,0
4,110,48,26,42,38.5,0.344,36,1
3,118,48,41,0,45.5,0.57,21,1
4,105,85,0,0,47.8,0.583,30,0
5,168,79,0,0,41.4,0.102,32,1
4,136,45,5,58,32.2,0.309,50,0
6,165,57,3,80,30.3,0.682,42,1
3,129,52,32,0,36.6,1.02,23,0
3,124,104,0,78,45.2,0.314,29,0
4,91,87,13,0,35.4,0.122,28,0
1,121,61,43,0,35.6,0.254,34,0
4,121,0,0,8,32.4,0.304,21,0
5,77,43,0,61,29.4,0.295,30,0
2,104,56,0,101,30.7,0.194,28,0
4,111,71,0,101,33.1,0.109,54,0
5,134,78,43,64,45.6,0.154,53,1
2,136,67,0,87,30.1,0.255,54,0
6,102,74,0,0,32.4,0.674,44,0
3,136,71,3,14,25.2,0.857,40,0
1,115,66,22,0,37.7,0.441,28,0
9,44,63,0,0,42.8,0.158,21,0
2,105,61,39,0,44.8,0.268,31,0
4,155,74,64,71,33.6,0.078,26,0
3,67,77,0,91,36.5,1.033,29,0
4,125,73,10,0,30.8,0.235,31,0
0,172,46,0,23,36.2,0.537,21,1
2,97,50,0,0,34.5,0.816,38,1
4,121,77,45,0,32.5,1.225,39,1
4,79,98,0,58,33.1,0.726,21,0
6,173,72,15,46,35.6,0.293,21,1
2,118,61,31,121,29.7,0.589,23,0
2,122,73,44,55,30.1,1.195,24,0
7,164,47,17,0,45.5,0.233,33,1
3,142,94,14,46,53.4,0.104,21,1
6,93,73,22,99,22.5,0.196,21,0
4,100,56,0,0,22.1,0.561,80,0
3,137,66,11,98,24.4,0.299,42,0
3,101,59,27,113,31.2,0.379,21,0
2,53,95,23,0,39.1,0.629,51,0
2,119,65,54,0,36.7,0.192,23,1
0,74,72,27,0,33.4,0.365,21,0
1,173,80,39,0,36.2,0.264,31,0
2,127,55,0,48,26.5,1.164,22,0
5,92,73,0,92,30.1,0.71,39,1
2,99,74,9,77,31.8,0.301,29,0
2,60,39,0,0,19.5,0.288,29,0
2,86,74,31,96,22.8,1.251,38,0
3,153,68,21,0,23.1,1.185,29,1
8,192,72,59,0,38.0,0.559,22,1
5,144,70,43,0,33.9,0.392,42,0
3,118,74,39,0,36.8,0.131,38,0
3,107,95,0,42,18.2,0.197,32,0
6,90,46,0,0,20.3,0.121,45,0
7,187,62,0,0,37.2,0.839,30,1
4,115,82,42,0,18.2,0.133,34,0
3,189,78,5,0,41.7,0.285,35,1
8,165,78,12,53,18.2,0.078,22,0
4,65,122,29,0,38.7,0.093,81,0
6,100,81,40,175,25.0,0.65,32,0
1,99,91,2,0,40.3,0.499,25,0
7,118,0,12,81,57.3,0.403,23,1
2,119,0,0,69,18.2,0.289,21,0
4,199,63,0,236,37.5,0.081,21,0
8,86,83,34,62,18.2,0.258,81,0
5,128,77,75,0,35.4,0.348,21,1
5,141,77,27,0,30.4,0.619,23,0
5,121,65,9,86,33.0,0.808,28,0
5,124,62,0,353,24.8,0.664,29,0
2,87,66,15,61,38.2,0.497,28,0
2,124,83,6,0,20.6,0.398,29,0
2,137,85,0,46,41.8,0.462,37,1
0,131,50,28,79,28.8,0.244,26,0
3,139,84,13,0,20.9,0.425,35,0
5,166,56,0,0,44.6,0.346,30,1
2,151,78,9,0,31.5,1.587,45,0
5,123,65,19,226,47.1,0.47,45,0
5,83,99,31,26,41.6,0.078,26,0
2,102,61,0,0,25.7,0.277,37,0
3,114,73,41,47,31.3,0.317,48,0
6,129,81,0,0,33.0,0.727,21,1
6,106,52,0,0,44.1,0.515,30,0
3,91,68,10,0,0.0,0.496,36,0
2,83,64,35,62,33.4,0.958,21,0
5,68,59,0,55,30.4,1.188,27,0
2,113,61,45,0,31.6,0.649,61,0
4,74,91,0,0,42.3,0.294,25,0
6,89,57,6,0,32.0,0.301,27,0
7,108,80,34,5,28.9,0.877,21,0
4,78,75,0,149,27.5,0.3,40,0
2,133,42,28,56,27.6,0.378,21,0
2,145,79,0,0,20.9,0.272,31,0
2,103,0,0,0,26.1,0.155,22,0
5,107,81,14,105,43.8,1.507,35,1
7,138,59,3,0,30.4,0.38,21,0
1,98,69,0,65,37.6,1.05,33,0
2,96,44,0,106,18.2,0.304,37,0
6,159,71,10,0,36.5,0.234,27,1
2,149,87,9,0,30.7,0.611,28,0
4,140,53,0,48,28.2,0.805,26,0
2,151,57,16,0,33.4,0.841,30,1
4,58,0,50,56,28.1,0.344,56,0
6,164,78,0,0,18.2,0.656,45,1
5,133,24,0,58,39.3,0.256,30,0
7,153,108,0,63,33.9,0.42,27,0
4,133,79,0,0,29.5,0.319,44,0
2,122,83,0,0,24.4,0.282,34,0
4,112,66,0,0,20.4,0.434,21,0
8,133,33,1,0,33.8,0.152,29,0
6,111,82,23,111,44.7,0.761,54,1
7,149,58,38,0,33.6,0.283,39,0
2,70,80,0,0,21.1,0.736,27,0
5,104,65,12,37,33.8,0.182,21,0
4,186,74,0,61,31.6,0.282,35,1
1,101,54,0,0,38.8,0.151,32,0
6,113,86,38,0,36.8,0.146,30,0
1,93,46,0,24,18.2,0.204,44,0
2,132,113,20,14,36.3,0.185,40,0
2,97,113,44,120,24.1,0.152,21,0
5,115,0,0,0,20.8,0.399,32,0
4,148,94,8,10,30.5,0.603,21,0
2,99,67,23,0,35.2,0.625,26,0
6,146,92,7,0,19.0,0.078,21,0
7,147,67,0,0,37.6,0.317,21,0
2,155,39,29,0,38.0,0.293,37,0
0,125,0,0,20,32.4,0.97,35,1
6,199,91,23,52,25.1,0.327,31,1
3,155,68,19,0,24.3,0.374,25,0
6,131,45,29,0,40.1,0.106,21,0
3,93,58,34,50,20.1,0.2,26,0
10,118,34,28,0,40.4,0.1,36,0
4,167,87,16,0,30.7,0.419,35,1
1,176,38,35,0,31.2,0.99,53,1
2,168,75,7,0,18.5,0.206,50,0
1,146,53,0,23,30.8,0.329,32,0
3,81,41,0,25,36.8,0.186,26,0
2,136,74,0,157,21.4,0.24,23,0
3,81,63,0,0,35.9,0.425,21,0
1,73,85,27,0,32.7,1.306,21,0
2,129,45,0,138,26.9,0.958,61,1
6,138,54,10,0,38.8,1.148,36,0
4,150,24,28,59,18.2,0.741,41,1
2,137,27,4,0,34.7,0.326,28,0
3,138,104,27,0,44.8,0.292,75,1
2,89,110,12,0,43.4,0.207,21,0
1,118,71,20,30,35.1,0.322,21,0
2,73,53,0,85,29.6,1.0,75,1
3,57,63,36,0,27.0,0.992,21,0
5,145,86,0,15,29.6,1.627,28,0
7,97,59,8,109,36.3,0.449,23,0
3,149,74,13,25,25.6,0.131,37,1
1,156,69,31,0,38.0,0.575,27,1
1,101,58,0,72,48.9,1.316,41,1
4,140,0,18,0,0.0,1.087,44,0
3,100,75,14,0,21.4,0.265,21,0
4,62,50,0,0,21.4,0.143,22,0
0,125,78,0,0,38.1,0.139,42,0
6,106,60,0,0,31.5,0.218,48,0
1,107,72,29,0,38.9,0.247,34,0
4,184,96,36,61,27.8,0.307,38,1
4,72,66,0,0,38.6,0.629,55,0
7,133,87,26,58,30.7,0.298,27,0
1,89,34,38,41,26.2,0.406,34,0
3,150,60,0,69,28.8,0.093,50,1
5,130,70,14,47,22.5,0.207,52,1
4,133,106,5,0,47.7,0.199,30,1
8,91,31,0,0,0.0,0.078,23,0
4,96,67,24,0,37.1,0.292,30,0
1,151,97,22,7,27.8,0.093,32,1
6,178,54,18,0,23.7,0.276,22,0
5,136,65,3,102,30.2,0.43,24,0
2,92,76,27,0,40.7,1.011,52,0
4,132,73,28,33,27.9,0.19,38,1
3,199,99,0,33,25.1,0.421,28,0
2,124,78,0,0,33.2,0.231,21,0
2,168,95,0,89,35.9,0.088,24,0
4,97,62,11,0,45.0,1.019,21,0
8,120,55,41,0,34.8,0.445,34,0
3,141,65,9,16,37.1,0.554,23,0
4,134,47,38,0,37.7,1.13,35,1
4,96,78,0,170,22.9,0.275,42,0
4,95,62,16,60,24.4,0.124,36,0
3,153,56,47,0,23.4,0.188,27,0
3,159,79,28,91,21.5,0.113,22,0
5,169,47,7,0,38.3,0.836,21,0
3,179,84,0,0,34.3,1.349,50,1
7,125,60,39,120,32.6,0.427,35,1
1,111,92,0,44,18.2,0.642,27,0
5,164,0,4,38,48.2,0.762,40,1
1,144,81,18,329,24.9,1.18,46,0
3,89,73,0,92,48.2,1.313,23,1
3,88,84,0,136,20.6,0.078,35,0
6,137,71,58,0,25.6,0.237,35,0
1,115,37,24,137,18.2,0.391,54,0
7,120,89,20,0,34.9,0.213,27,0
0,155,67,39,0,23.3,0.313,21,0
2,145,84,0,33,23.5,0.529,36,0
2,163,82,0,9,21.2,0.519,41,1
6,59,54,0,26,38.1,0.745,33,0
4,129,51,13,54,37.6,0.398,55,1
3,143,82,37,48,46.3,0.078,27,1
8,72,63,45,61,26.6,0.292,34,0
6,100,87,8,31,33.7,0.492,21,0
3,94,66,0,0,21.8,0.782,21,0
4,122,0,30,0,29.4,0.707,23,1
4,173,77,0,14,27.9,0.358,29,0
3,186,75,16,0,35.7,0.224,21,0
4,95,62,0,0,40.0,0.371,40,1
5,138,74,12,0,39.8,0.078,23,1
3,139,92,0,19,25.3,0.243,70,1
7,133,68,0,0,39.9,0.882,23,1
5,134,79,21,341,31.7,0.37,32,0
7,131,70,0,92,29.4,0.508,31,0
4,175,72,16,97,26.4,0.109,21,1
4,156,103,0,0,0.0,0.778,29,1
5,87,0,47,28,45.8,0.344,29,1
3,146,71,55,137,34.4,0.495,44,1
4,149,73,0,2,33.4,0.575,37,1
4,131,55,0,31,29.9,0.759,39,0
2,157,66,5,197,51.3,0.441,44,1
8,127,75,0,56,42.3,0.35,40,1
5,127,86,0,11,26.3,0.134,34,0
6,125,84,13,86,29.8,0.099,23,0
6,56,48,16,42,30.3,0.435,34,0
2,118,88,6,0,33.2,0.497,22,1
1,100,67,39,74,26.5,0.558,30,0
2,83,50,0,65,35.5,0.191,28,0
3,167,95,13,62,43.5,0.245,29,0
5,137,97,20,0,21.6,0.429,21,0
6,120,74,10,0,23.1,0.271,21,0
3,103,83,34,0,28.2,1.714,26,0
1,130,84,40,69,28.5,0.24,48,0
4,153,96,0,0,47.8,0.522,32,1
6,94,83,0,30,39.9,0.692,47,0
4,121,43,0,153,39.5,0.722,22,0
3,149,108,0,0,29.9,0.267,26,0
2,59,90,23,0,29.7,0.577,71,0
5,119,59,12,0,20.5,0.528,22,0
4,107,49,0,0,38.2,0.595,39,0
1,117,79,20,60,35.9,0.425,39,0
3,105,64,0,0,42.2,0.695,37,0
4,125,76,6,47,30.3,0.463,39,0
3,182,84,17,135,30.9,0.119,22,0
1,111,58,8,0,33.3,0.453,27,0
2,130,47,0,0,39.0,0.493,21,0
3,185,77,8,32,20.4,0.662,55,1
1,103,59,2,100,37.8,0.435,39,0
5,179,72,14,0,31.8,1.199,23,1
1,121,43,27,51,23.6,0.36,22,0
5,178,64,22,91,18.2,0.256,48,0
2,145,83,52,0,30.9,0.96,23,0
6,131,81,0,44,43.4,0.352,23,0
5,119,54,28,0,45.2,0.406,21,0
2,101,0,0,0,34.8,0.493,42,0
5,123,0,33,0,47.5,0.463,46,0
6,150,80,32,0,31.7,0.592,28,0
4,120,77,18,0,39.5,0.635,46,1
1,111,59,0,38,28.4,0.237,36,1
5,113,75,9,161,27.9,0.145,21,0
4,153,98,30,160,26.6,0.162,53,0
4,160,73,0,0,18.2,0.89,21,0
2,100,37,33,99,42.2,0.33,29,0
1,100,73,20,134,26.9,0.688,28,0
3,133,109,13,0,25.7,0.647,26,0
5,170,44,17,46,22.7,0.406,21,1
7,158,0,18,30,30.4,0.189,65,1
3,81,65,41,0,45.9,0.658,21,0
6,112,71,72,0,48.5,0.395,54,1
4,91,73,0,0,18.9,0.136,21,0
2,112,91,12,0,29.2,0.273,24,0
4,172,71,31,0,23.8,0.091,52,1
2,75,94,31,56,39.8,0.283,38,0
3,69,67,6,0,34.3,0.421,21,0
2,94,62,0,0,27.0,0.364,21,0
5,130,56,0,157,32.6,0.332,35,0
4,141,34,33,0,28.2,0.418,21,0
3,135,74,0,0,44.8,0.567,38,0
3,159,109,9,120,36.3,0.726,40,1
3,64,78,30,141,37.3,0.793,22,1
5,159,82,21,0,18.2,0.215,25,0
3,111,61,43,0,31.5,0.847,36,0
3,144,0,0,120,48.5,0.396,22,0
8,79,88,58,0,42.5,0.304,32,0
7,121,108,0,0,0.0,0.166,73,0
2,128,98,0,34,29.5,0.539,36,0
4,158,85,20,60,22.5,0.525,27,0
3,70,70,2,121,45.5,0.253,68,0
4,122,73,0,0,33.9,0.259,43,1
1,86,54,19,25,25.9,0.354,21,0
5,137,41,17,0,32.3,0.299,21,1
5,146,47,0,31,18.2,0.207,21,0
5,162,0,27,0,23.4,0.15,36,0
4,104,63,0,36,32.3,0.853,21,0
4,151,41,38,136,38.7,0.272,68,1
3,164,68,18,29,18.2,0.522,28,0
5,68,63,5,19,29.0,0.597,44,0
3,140,46,0,0,40.0,0.541,27,0
4,152,62,0,192,20.5,0.62,35,0
7,113,63,0,88,33.8,0.537,29,0
7,82,57,0,0,32.5,0.234,32,0
3,151,87,29,265,45.5,0.313,50,0
5,83,32,0,80,30.2,0.838,60,0
3,115,31,43,0,30.6,0.265,58,0
5,120,69,0,12,38.8,0.396,81,1
2,144,71,20,235,21.5,0.569,23,0
2,101,77,4,43,30.3,1.046,37,0
3,99,59,33,0,28.4,0.788,23,0
5,124,51,0,74,30.9,0.182,49,1
3,153,69,10,126,38.7,0.511,21,1
3,194,61,0,0,36.4,0.469,50,1
3,73,99,0,98,26.1,0.315,34,0
11,131,63,0,0,33.1,0.405,30,0
0,86,68,3,0,43.8,0.232,32,1
6,154,117,0,12,25.4,0.349,21,0
7,91,65,0,51,33.1,0.267,21,0
5,99,80,37,0,30.5,0.428,34,0
2,102,82,0,0,31.5,0.306,34,1
5,118,83,0,0,19.1,1.099,24,1
4,131,75,19,40,43.1,0.438,28,0
4,136,73,6,0,25.9,0.379,38,0
5,121,71,27,0,40.1,0.335,22,0
2,78,58,19,0,27.1,0.307,21,0
2,144,75,0,3,27.1,0.136,55,0
3,119,108,21,102,41.6,0.687,35,1
3,158,93,18,0,39.9,0.961,25,1
4,98,75,18,0,33.6,0.264,23,0
6,70,86,14,0,38.0,0.835,22,0
3,120,0,0,0,29.7,1.703,49,0
3,162,0,0,138,31.9,1.318,21,1
4,126,87,0,0,26.8,0.933,37,0
3,115,98,4,8,39.1,0.153,37,1
2,93,54,17,0,26.5,0.151,42,0
3,177,60,32,26,43.7,0.617,26,1
4,88,111,23,104,29.5,0.399,53,1
4,98,71,0,31,32.2,0.078,43,0
9,139,104,0,0,38.0,0.289,26,1
2,62,73,0,0,32.2,0.599,23,0
5,162,74,0,0,29.6,0.353,29,1
9,141,63,33,0,31.8,0.401,26,0
4,150,87,0,53,39.1,0.151,21,1
6,139,95,0,0,26.8,0.286,32,0
5,116,49,12,0,31.0,0.619,28,0
4,87,62,0,0,32.1,0.275,59,0
2,116,87,47,137,38.8,0.88,26,1
2,90,67,0,0,31.2,0.407,23,0
6,136,60,26,109,46.3,0.538,31,1
3,147,89,0,59,30.8,0.61,35,0
8,168,91,23,0,30.1,0.593,36,1
4,133,60,12,148,30.6,0.178,36,0
5,150,73,8,43,21.6,0.206,32,0
1,111,46,23,0,23.8,0.078,31,0
2,106,52,0,0,27.8,0.312,40,0
6,136,72,34,0,41.0,0.193,21,1
5,0,70,0,25,31.7,0.268,23,0
3,130,50,22,71,28.2,0.337,21,0
4,87,55,7,0,41.7,0.447,21,0
5,93,48,14,0,44.3,0.357,47,0
5,141,78,0,20,41.9,0.352,39,0
4,149,31,3,0,25.3,0.508,62,1
2,89,49,23,0,28.1,0.388,56,0
3,142,0,17,255,46.3,0.721,39,1
8,104,77,10,95,33.9,0.389,33,0
3,121,34,0,0,29.9,1.051,32,0
6,166,70,18,107,37.7,0.171,21,1
1,147,0,8,75,40.0,0.308,30,1
0,146,102,0,0,27.5,0.235,24,0
3,182,34,16,40,33.7,0.459,21,0
3,98,75,11,95,39.3,0.171,37,0
5,89,50,46,12,22.8,0.11,29,0
6,98,46,27,0,32.1,0.201,32,0
5,113,67,14,0,23.2,0.117,21,0
6,46,93,23,0,24.2,0.341,44,0
7,114,81,0,86,27.6,0.446,26,0
5,103,55,0,0,35.8,0.094,36,0
2,146,83,0,0,29.5,0.293,27,0
5,132,0,1,0,26.9,0.786,21,0
3,102,54,27,145,32.4,0.941,37,0
1,140,53,12,207,22.9,0.653,29,0
1,144,71,15,0,35.4,0.078,21,0
4,96,65,0,147,40.9,0.417,21,0
3,105,66,68,0,31.4,0.848,44,0
3,50,66,10,0,30.4,0.271,21,0
6,86,70,0,78,35.0,0.139,25,0
3,97,80,0,59,18.2,0.806,64,0
2,123,72,33,0,36.2,0.886,38,0
6,91,64,42,136,56.5,0.386,42,1
3,104,77,10,23,31.0,0.14,28,0
3,82,85,41,26,31.1,0.083,21,0
4,126,58,32,0,37.9,0.493,34,0
2,135,68,0,0,45.0,0.237,21,0
7,134,92,16,0,39.7,0.368,21,0
4,121,48,23,0,18.2,0.339,32,0
3,72,104,34,75,0.0,0.192,21,0
5,101,43,27,0,52.3,0.078,31,0
4,108,62,10,0,36.9,0.276,23,0
6,108,51,18,0,22.9,0.429,30,0
3,123,112,0,20,34.2,0.444,25,1
2,167,59,24,0,21.9,0.225,30,0
5,147,59,34,0,41.7,0.874,54,1
6,89,62,29,13,0.0,0.153,42,0
1,143,71,25,159,32.6,0.745,29,1
2,141,63,22,57,25.2,0.419,50,0
3,95,67,0,0,27.7,0.278,36,0
1,148,24,0,39,43.7,0.539,49,1
3,116,70,25,163,32.8,0.324,21,1
0,76,69,0,0,27.6,0.108,21,0
4,135,89,27,0,23.0,0.143,33,0
2,128,94,0,9,18.2,0.308,29,0
3,0,65,16,0,22.1,0.25,30,0
2,120,0,63,35,32.9,0.734,39,0
7,98,48,0,82,39.7,0.241,34,1
3,140,84,36,0,27.6,0.229,44,0
1,120,58,7,142,44.4,0.206,43,1
6,126,46,23,0,26.3,0.191,21,1
2,132,65,0,0,30.1,0.197,21,0
2,84,96,0,0,23.5,0.124,21,0
7,92,73,9,0,39.8,0.432,21,0
5,50,98,20,0,48.6,0.345,31,0
1,139,55,7,165,18.2,0.334,31,0
3,82,89,35,0,29.3,0.088,28,0
4,125,56,12,0,42.0,0.507,37,1
5,133,73,31,0,20.6,0.543,76,0
1,140,73,0,0,36.5,1.018,28,1
2,82,82,0,0,41.6,0.522,34,0
7,119,74,17,14,32.6,1.154,30,1
3,174,55,0,131,36.3,0.22,24,1
1,176,0,45,20,45.9,1.054,39,1
2,152,103,0,75,47.4,0.534,27,0
2,132,58,4,93,31.5,0.488,22,0
1,89,33,0,53,27.8,0.328,22,0
3,144,79,11,65,24.7,0.277,44,0
2,116,63,0,0,39.7,0.234,38,0
6,139,67,53,121,21.2,1.077,25,0
9,101,80,0,0,30.0,0.32,37,1
4,115,60,0,29,32.8,0.541,31,0
5,126,64,0,0,28.0,0.625,34,1
1,129,67,0,83,34.2,0.619,24,0
3,137,98,0,0,52.3,0.434,21,0
5,102,70,7,3,31.0,1.041,27,0
3,78,45,15,0,28.6,0.512,21,0
4,173,46,0,0,40.0,0.229,21,1
6,199,0,32,0,33.9,0.288,21,1
4,135,47,2,0,43.4,0.093,21,0
3,79,39,0,0,33.3,0.468,25,0
3,96,81,8,130,30.0,0.573,48,0
4,137,82,20,0,18.2,0.607,43,0
4,164,62,2,0,19.2,0.534,57,0
4,82,75,0,221,18.2,0.329,21,0
2,117,73,0,34,35.0,0.377,40,0
5,127,81,0,0,21.2,0.378,29,0
4,149,81,0,52,41.9,0.736,22,1
2,110,24,5,0,32.2,0.078,45,0
5,71,64,32,131,30.1,0.263,29,0
3,141,79,0,0,25.3,0.161,21,0
1,157,61,0,0,36.9,1.321,43,1
2,118,70,14,0,25.6,0.834,36,0
3,134,84,0,40,24.2,0.272,32,0
8,106,71,24,14,41.4,0.112,21,0
4,94,98,19,0,34.8,0.143,34,0
4,154,91,0,0,30.1,0.729,54,1
6,133,67,2,111,37.1,0.09,35,0
5,137,65,0,0,32.1,0.381,21,0
3,169,24,41,97,35.0,0.651,36,1
6,87,63,29,113,25.5,0.131,35,0
2,103,43,7,36,48.4,0.378,41,0
2,126,73,12,0,27.4,0.275,35,0
6,103,72,7,0,44.3,0.248,21,0
5,146,83,0,5,30.5,0.215,31,0
3,115,96,28,0,38.4,0.687,27,0
4,89,69,16,75,37.8,0.953,33,0
2,123,113,54,135,41.1,0.309,46,0
3,126,74,40,101,25.4,0.49,23,0
5,151,0,0,97,40.5,0.385,61,1
5,133,58,31,27,46.6,0.078,36,1
1,136,62,14,117,30.0,0.3,43,0
3,131,81,30,0,32.3,0.078,40,0
3,115,51,15,0,27.9,0.257,36,0
2,98,63,46,75,29.3,0.371,38,0
6,130,66,27,0,45.5,0.616,21,0
2,110,60,25,56,24.1,0.459,40,1
5,175,85,23,284,24.6,0.699,21,0
4,164,0,48,0,44.7,0.187,30,0
4,141,92,0,14,36.9,0.875,35,1
3,133,63,50,19,48.8,0.953,47,1
0,118,92,18,0,28.4,0.078,21,0
3,81,43,0,0,33.0,0.085,25,0
4,114,42,9,66,26.8,0.364,27,0
0,124,46,0,16,33.1,0.242,33,0
4,128,69,31,0,18.2,0.273,27,0
7,136,92,4,18,37.4,0.456,38,1
6,150,57,0,0,34.6,0.718,21,1
2,99,60,39,142,31.5,0.179,29,0
3,99,65,10,69,28.9,0.799,56,0
2,167,80,0,0,24.9,0.212,27,0
4,146,60,0,0,37.7,1.436,36,1
8,108,59,0,42,22.7,0.879,44,0
4,117,43,0,127,36.0,0.23,36,0
3,118,58,0,85,48.4,0.115,63,1
7,122,92,0,0,43.7,0.226,32,0
3,136,71,11,0,20.1,0.201,39,1
4,199,55,0,0,27.8,0.564,34,1
5,0,93,0,16,35.3,0.078,51,0
5,142,58,0,54,31.4,0.086,26,0
2,67,97,29,95,20.9,0.553,65,0
3,105,96,5,11,35.0,0.194,23,0
5,160,70,5,2,31.9,0.26,58,1
3,134,40,0,221,47.1,0.649,21,0
6,44,114,2,69,30.0,0.74,40,0
2,142,77,32,9,41.2,0.851,31,0
2,182,63,20,68,22.0,0.612,44,0
6,57,88,0,0,23.9,0.321,37,0
2,170,83,0,27,37.7,0.3,43,1
2,44,0,0,0,40.6,0.274,21,0
2,151,56,0,39,24.4,0.131,21,0
6,121,75,17,39,32.2,0.173,21,0
4,46,46,0,18,21.1,0.778,21,0
4,135,82,0,0,30.6,0.211,21,0
4,158,69,4,73,38.6,0.132,24,1
4,133,75,0,0,28.6,0.822,24,0
5,140,66,8,261,30.0,0.436,31,0
1,108,64,0,23,23.1,1.093,21,0
2,61,52,50,0,26.9,1.018,22,0
6,143,84,20,0,45.9,0.143,28,0
3,177,98,35,0,32.6,0.346,46,0
7,157,58,16,0,24.1,0.161,26,0
2,57,80,18,0,29.5,0.16,30,0
1,72,77,20,38,19.4,0.268,32,0
0,94,69,38,22,24.0,0.576,21,0
3,70,39,25,44,42.7,0.578,27,0
5,122,44,4,0,30.9,0.529,23,0
5,133,54,46,106,46.9,0.32,44,1
3,75,28,16,90,31.2,0.599,43,0
2,146,96,13,43,31.7,0.13,22,0
6,140,76,0,181,37.1,0.441,30,0
7,103,69,31,0,18.2,0.379,39,0
5,115,27,22,0,33.6,0.305,35,0
1,59,34,22,0,31.6,0.454,36,0
6,110,69,14,0,43.7,0.164,21,0
6,121,107,11,0,39.6,0.544,57,0
11,126,56,0,17,23.0,0.372,24,1
2,133,86,28,71,41.8,0.095,23,0
4,129,60,31,0,29.9,0.366,21,0
4,112,0,17,85,24.9,0.244,29,0
5,130,93,0,72,33.6,0.792,48,0
6,153,62,19,0,30.4,0.139,35,0
4,118,56,12,22,44.2,0.144,30,0
7,131,97,24,0,34.7,0.496,42,1
2,115,70,0,0,33.6,0.33,48,0
8,100,0,24,0,39.1,0.318,43,1
4,138,56,0,0,40.6,1.442,21,1
3,103,96,0,0,38.2,0.589,42,0
1,133,74,0,191,43.2,0.287,37,0
5,122,78,18,20,36.8,0.083,22,1
5,111,72,46,188,33.3,0.275,37,0
3,110,59,0,27,41.8,0.126,48,1
4,105,69,31,0,31.3,0.174,24,0
2,68,61,58,10,32.3,0.179,44,0
4,133,88,27,0,45.6,0.75,35,1
1,128,65,8,59,44.8,0.103,21,0
3,148,40,0,0,31.9,0.699,31,1
8,104,37,21,142,28.4,0.512,35,0
2,182,36,10,52,43.6,0.507,27,1
7,109,81,12,0,38.3,0.168,36,0
5,93,47,36,0,34.5,0.637,29,0
1,89,75,0,0,29.5,0.151,71,0
5,65,72,0,30,34.6,0.963,26,0
4,170,68,0,0,31.8,0.762,22,0
9,165,78,0,0,26.8,1.074,43,1
2,140,72,30,86,33.0,0.381,28,0
3,92,24,0,100,34.1,0.33,30,0
3,179,63,63,0,29.0,0.269,29,1
1,110,77,13,0,39.1,1.422,42,1
4,112,101,14,0,42.2,0.572,21,0
5,167,102,30,0,39.7,0.128,44,0
4,142,43,10,0,29.8,0.891,38,0
6,191,62,18,0,38.0,0.32,61,1
2,129,39,14,45,32.6,0.078,33,0
3,108,99,0,0,22.2,0.2,21,0
1,101,89,22,112,37.3,0.761,34,0
5,62,76,18,14,33.2,0.513,35,0
7,112,72,41,9,52.5,0.587,50,1
2,158,96,0,41,43.5,0.885,21,0
4,140,93,0,238,37.6,0.078,21,1
2,122,92,0,0,34.0,0.202,34,0
2,89,78,0,0,33.3,0.387,62,1
3,128,62,1,0,24.1,0.777,41,0
1,153,84,0,61,18.3,0.15,41,0
3,135,85,17,0,25.1,0.286,21,0
2,126,65,35,53,31.6,0.369,32,0
1,95,0,0,146,18.2,0.194,50,0
6,149,91,0,192,27.7,0.366,35,0
4,44,101,0,67,30.0,0.328,21,0
4,133,55,0,0,30.3,0.239,31,0
5,199,64,31,0,26.8,0.636,39,1
2,73,76,31,0,29.3,0.559,21,0
2,113,79,45,121,45.6,0.656,30,0
1,121,59,15,24,37.2,0.696,21,0
2,106,106,0,233,27.6,0.091,44,0
6,154,77,0,3,31.5,0.102,26,0
5,136,79,3,0,31.8,0.599,37,1
1,126,103,32,137,25.9,0.258,31,0
4,146,60,0,67,25.9,0.232,26,1
5,0,67,0,66,40.0,0.204,65,0
4,199,45,22,58,28.7,0.672,24,1
1,126,66,0,0,23.4,1.363,32,1
4,127,40,0,0,31.7,0.693,31,0
4,66,84,21,64,32.9,0.248,34,0
4,104,77,0,0,18.2,0.648,63,0
8,158,64,0,0,31.7,0.099,39,0
2,78,67,0,93,0.0,0.311,25,0
1,52,84,0,0,35.6,0.078,55,0
5,122,47,20,245,49.6,0.258,42,1
4,165,73,0,0,41.9,0.419,26,1
4,122,83,0,36,43.4,1.529,51,0
4,110,35,46,0,54.1,0.819,21,1
2,61,82,0,28,38.0,0.078,21,0
6,135,37,13,43,33.3,0.078,21,0
3,142,67,0,0,39.7,0.195,21,1
3,64,0,0,132,27.6,1.164,50,0
5,157,97,31,38,32.9,0.078,34,1
5,145,0,34,0,26.9,0.205,21,0
5,157,37,0,56,35.1,0.204,31,0
7,140,72,36,149,26.8,0.495,45,0
5,142,61,32,66,26.6,0.66,22,0
3,138,40,38,0,35.3,0.563,27,0
4,149,79,36,0,30.9,0.446,66,1
3,63,30,45,40,18.2,0.094,28,0
8,73,49,18,180,20.5,0.396,21,0
2,97,58,0,0,22.9,0.902,25,0
4,117,85,0,0,25.0,1.108,21,0
7,133,94,33,18,35.3,0.486,41,1
2,131,90,45,0,33.7,0.078,21,1
5,157,66,0,0,40.4,0.492,21,1
5,158,24,0,0,37.9,0.327,69,1
5,93,77,30,0,40.5,0.084,21,0
3,129,98,24,77,36.8,0.142,21,1
3,94,93,0,80,33.7,0.167,21,0
2,115,78,25,39,40.7,0.601,45,0
5,131,46,0,145,39.3,1.077,39,0
4,44,59,0,0,35.0,0.537,25,0
2,198,107,21,0,42.0,0.614,24,1
5,139,42,0,0,18.2,0.346,37,0
2,102,47,0,0,29.7,0.229,34,0
3,183,87,35,82,29.6,0.548,29,1
2,110,61,0,89,41.1,0.45,39,0
6,125,46,24,0,44.4,0.182,21,0
2,105,99,40,140,20.5,0.428,21,0
4,174,78,0,46,43.1,0.363,40,1
4,118,62,0,187,22.7,0.284,35,0
0,126,47,0,75,23.0,0.222,21,0
4,159,109,23,141,30.1,0.485,32,1
1,140,69,21,0,29.5,0.235,68,0
4,119,96,29,0,19.7,1.364,43,0
1,156,86,20,175,37.1,0.524,25,0
4,199,59,8,0,37.4,0.491,22,1
8,131,59,12,43,40.3,0.317,36,1
1,125,97,3,0,28.6,0.264,50,0
3,126,97,29,12,31.7,0.078,21,0
4,163,33,0,0,31.8,0.193,35,0
3,102,80,0,0,45.3,0.078,27,0
5,112,67,11,0,18.2,0.078,34,0
3,72,49,29,0,24.4,0.122,21,0
2,83,74,33,0,32.0,0.839,50,0
3,104,43,3,119,23.4,0.836,55,1
5,119,60,0,58,30.0,0.197,41,0
7,178,54,36,0,31.0,0.092,60,1
1,138,59,0,0,26.8,0.255,26,0
3,92,68,29,29,32.5,0.596,35,0
1,98,49,46,79,37.0,0.724,41,0
3,165,100,46,0,30.1,0.424,36,1
4,157,79,0,78,28.4,0.481,28,0
8,122,104,0,91,30.7,0.447,29,1
2,107,66,0,33,31.9,0.078,53,1
2,157,58,0,88,18.3,0.102,31,0
3,89,103,0,0,35.6,1.107,48,0
5,133,58,34,32,28.4,0.422,30,0
4,194,66,15,12,42.0,0.078,48,1
5,127,83,40,17,36.7,0.502,32,0
1,96,45,20,0,41.2,0.16,40,0
4,134,83,0,0,24.0,0.765,23,0
2,106,80,16,89,29.1,0.709,35,0
2,76,94,12,0,22.2,0.573,23,0
1,143,86,12,0,26.4,0.419,26,0
7,157,94,25,32,41.9,0.894,27,0
3,111,67,0,70,43.8,0.956,29,0
3,109,52,0,43,0.0,0.164,46,0
5,90,110,0,0,28.4,0.569,26,0
4,116,39,38,88,31.4,0.224,33,0
2,103,41,3,68,36.6,0.143,48,0
1,89,80,0,0,18.2,0.956,39,0
4,181,101,20,0,19.3,0.635,21,1
5,136,73,67,0,35.9,0.445,21,0
4,139,88,41,0,18.2,0.179,37,1
2,149,30,12,12,28.5,0.975,25,1
4,146,59,0,0,33.3,0.158,21,0
7,108,33,32,68,35.3,0.127,24,0
5,130,84,0,0,30.9,0.364,37,1
2,112,39,42,0,29.1,0.596,27,0
3,135,44,0,13,38.7,0.276,32,0
4,132,79,19,67,34.3,0.414,28,0
6,109,90,21,0,26.9,0.223,23,0
3,78,66,39,49,32.3,0.245,34,0
4,126,80,8,84,35.0,1.191,21,1
5,114,80,0,0,45.6,0.338,22,0
5,60,65,26,99,38.2,0.933,43,1
3,137,48,0,0,41.6,0.078,21,0
3,152,80,16,0,27.2,0.776,31,1
3,199,81,39,21,27.9,0.187,26,1
5,108,86,0,0,30.1,0.645,25,0
3,104,75,37,0,30.9,0.186,44,0
5,85,46,30,45,24.0,0.26,48,0
3,128,82,0,0,42.0,0.139,21,1
5,127,69,11,143,39.0,0.654,21,1
6,95,60,0,24,29.6,0.728,29,0
10,115,63,14,68,37.1,0.192,21,0
4,58,56,36,0,33.8,0.086,43,0
6,151,86,20,114,37.7,0.924,30,1
3,96,42,0,82,21.4,0.213,21,0
6,120,50,12,265,30.8,0.324,22,0
9,75,63,0,0,31.5,0.163,21,1
3,102,100,30,0,36.9,0.61,22,0
3,112,90,20,27,27.0,0.621,21,0
2,121,37,29,49,18.2,1.029,53,0
0,136,95,0,17,23.5,0.791,21,0
4,167,95,26,0,31.5,0.754,31,1
4,144,46,0,0,32.5,0.348,37,0
4,152,24,9,93,45.3,0.315,48,1
5,167,68,15,29,36.6,0.604,32,0
6,139,91,0,3,32.6,0.333,28,1
7,120,100,0,0,31.7,0.81,32,0
4,153,52,1,0,40.7,0.153,21,0
4,155,0,17,0,27.3,0.078,21,1
4,142,26,31,50,30.9,0.554,27,0
7,74,62,34,0,23.4,0.237,21,0
3,94,61,0,0,43.2,0.132,23,0
6,112,91,0,0,35.1,1.468,25,0
3,146,94,28,19,26.4,0.374,64,1
2,120,88,21,0,31.1,0.104,50,0
5,157,43,42,147,36.0,0.213,37,1
3,163,86,0,0,30.0,0.294,44,1
7,159,79,0,88,27.8,0.546,21,0
3,159,37,33,0,26.8,0.214,32,0
4,88,29,12,154,34.7,0.328,41,0
4,136,89,0,0,29.2,0.457,21,0
2,101,66,18,0,28.4,0.521,21,0
2,68,44,40,0,21.4,0.347,35,0
4,112,65,0,0,32.6,1.178,21,0
2,163,76,58,0,30.6,0.615,38,0
1,136,67,7,45,29.5,0.591,47,0
2,185,39,22,125,33.6,0.575,21,0
5,127,106,1,39,0.0,0.814,21,0
2,199,89,0,176,37.5,0.434,47,1
